{
  "auth": [
    {
      "email": "admin@gmail.com",
      "password": "12345678"
    }
  ],
  "categories": [
    {
      "name": "cloth",
      "id": "1"
    },
    {
      "name": "Bag",
      "id": "2"
    },
    {
      "id": "3",
      "name": "Accessory"
    },
    {
      "name": "21520703s",
      "id": "4"
    },
    {
      "id": "5",
      "name": "file"
    },
    {
      "id": "6",
      "name": "NTD"
    },
    {
      "id": "7",
      "name": "add"
    },
    {
      "name": "edis",
      "id": "8"
    },
    {
      "name": "bottles",
      "id": "9"
    }
  ],
  "colors": [
    {
      "id": "1",
      "name": "white"
    },
    {
      "id": "2",
      "name": "yellow"
    },
    {
      "id": "3",
      "name": "black"
    },
    {
      "id": "4",
      "name": "pink"
    },
    {
      "id": "5",
      "name": "blue"
    },
    {
      "id": "6",
      "name": "silver"
    },
    {
      "id": "7",
      "name": "milk"
    },
    {
      "id": "8",
      "name": "orange"
    },
    {
      "id": "9",
      "name": "gray"
    },
    {
      "id": "10",
      "name": "dfsdfdf"
    }
  ],
  "products": [
    {
      "id": "2",
      "name": "Trouser with tie PATCH",
      "available": 5,
      "sold": 3,
      "categoryId": 1,
      "colorIds": [
        3,
        1,
        4
      ],
      "price": "150000"
    },
    {
      "id": "3",
      "name": "Backpack Elsa",
      "available": 100,
      "sold": 7,
      "categoryId": 2,
      "colorIds": [
        "3"
      ],
      "price": 370000
    },
    {
      "id": "4",
      "name": "Silver necklace",
      "available": 30,
      "sold": 1,
      "categoryId": 3,
      "colorIds": [
        5,
        1
      ],
      "price": 1450000
    },
    {
      "id": "5",
      "name": "Hand Bag with metal strap",
      "available": 5,
      "sold": 1,
      "categoryId": 2,
      "colorIds": [
        "1",
        "6",
        "2"
      ],
      "price": 260000
    },
    {
      "id": "1728738115202",
      "name": "Croptop the phone number era",
      "available": 10,
      "sold": 5,
      "categoryId": 4,
      "colorIds": [
        5,
        4
      ],
      "price": 150000
    },
    {
      "id": "1728763662945",
      "name": "Phones",
      "available": "10",
      "sold": "12",
      "categoryId": 5,
      "colorIds": [
        8,
        7,
        6
      ],
      "price": "16050000"
    },
    {
      "id": "1728789640670",
      "name": "Tip",
      "available": "5",
      "sold": "12",
      "categoryId": 8,
      "colorIds": [
        1,
        9,
        2,
        3
      ],
      "price": "15000"
    },
    {
      "id": "1728828051878",
      "name": "fsfdvd dsefcsve verfcerf cferfcreg feverv",
      "available": "12",
      "sold": "10",
      "categoryId": 9,
      "colorIds": [
        2,
        5,
        1,
        6
      ],
      "price": "100000"
    }
  ]
}